sku,desc,wholesale_cost
"DLI0002","Smoked Whitefish Sandwich",9.33
"PET0005","Vegan Cat Food, Turkey & Chicken",4.35
"HOM0018","Power Radio (red)",21.81
"KIT0034","Azure Ladle",2.81
"PET0041","Gluten-free Cat Food, Pumpkin & Pumpkin",4.60
"PET0045","Gluten-free Cat Food, Salmon & Shrimp",4.32
"TOY0048","Electric Doll",10.18
"CMP0061","Network Printer",135.70
"DLI0066","Pickled Herring Sandwich",9.94
"TOY0085","Noah's Toy Soldier",11.96
"HOM0086","Power Crockpot (purple)",73.90
"PET0096","Wet Senior Cat Food, Turkey & Shrimp",3.11
"KIT0098","Scoop",1.90
"KIT0100","Super Coconut Fork",2.99
"TOY0108","Jigsaw Puzzle (Noah's Ark)",3.19
"PET0111","Gluten-free Cat Food, Salmon & Pumpkin",3.78
"DLI0130","Broccoli Seitan Meatball",10.30
"PET0148","Gluten-free Adult Cat Food, Salmon & Turkey",4.49
"KIT0159","Pewter Knife",23.58
"KIT0181","Azure Bowl",10.93
"KIT0186","Emerald Strainer",7.07
"TOY0187","Automatic Blocks",3.80
"DLI0194","Salted Cucumber Salad",6.87
"HOM0201","Super Timer",15.16
"KIT0209","Silver Knife",162.14
"KIT0225","Red Scoop",1.95
"KIT0230","Scale",13.94
"PET0240","Wet Adult Cat Food, Duck & Shrimp",3.05
"PET0247","Vegan Adult Cat Food, Pumpkin & Chicken",3.71
"KIT0262","Handmade Cereal Cup",9.38
"COL0263","Noah's Jersey (orange)",21.08
"KIT0265","Lead Ladle",2.65
"PET0268","Gluten-free Cat Food, Pumpkin & Tuna",4.80
"KIT0272","Fork",3.00
"KIT0273","Gold Fork",830.20
"TOY0275","Handmade Silly Bandz",7.32
"DLI0278","Kasha Knish",8.95
"HOM0284","Mechanical Radio",41.06
"COL0295","Noah's Jersey (red)",15.42
"KIT0296","Pearl Cup",4.51
"TOY0301","Tonka Blocks",5.02
"TOY0302","Handmade Dreidel",5.24
"PET0304","Gluten-free Senior Cat Food, Chicken & Turkey",4.24
"HOM0307","Handmade Crockpot (amber)",138.33
"TOY0309","Manual Dreidel",2.87
"KIT0322","Lead Knife",29.31
"KIT0349","Stone Crusher",6.86
"HOM0371","Handmade Timer",27.21
"PET0378","Wet Adult Cat Food, Duck & Tuna",3.13
"BKY0403","Poppyseed Linzer Cookie",4.87
"HOM0431","Super Widget (white)",4.97
"KIT0446","Mini Hamburger Scale",13.91
"BKY0455","Raspberry Rugelach",5.24
"COL0464","Noah's Action Figure (magenta)",23.93
"KIT0481","Mechanical Salad Cup",5.24
"PET0489","Lizard Food",2.91
"PET0501","Adult Snake Food",3.03
"TOY0515","Mechanical Toy Soldier",8.00
"PET0524","Ferret",0.49
"PET0547","Adult Ferret Food",1.35
"KIT0548","Mechanical Potato Strainer",7.51
"HOM0550","Automatic Mixer (green)",89.62
"TOY0586","Disney Yoyo",18.02
"KIT0598","Orange Pan",11.04
"KIT0600","Mauve Bowl",9.65
"DLI0611","Smoked Egg Sandwich",8.68
"KIT0619","Mechanical Hamburger Bowl",11.86
"KIT0635","Mechanical Soybean Spatula",3.69
"COL0638","Noah's Jewelry (purple)",43.98
"KIT0685","Super Onion Scale",15.48
"PET0691","Vegan Adult Cat Food, Shrimp & Salmon",4.46
"HOM0691","Mechanical Toaster",37.83
"DLI0706","Kasha Cabbage Roll",9.37
"PET0721","Gluten-free Cat Food, Chicken & Tuna",4.17
"KIT0722","Blue Crusher",6.65
"DLI0728","Pickled Salmon Sandwich",8.61
"COL0732","Noah's Gift Box (mauve)",5.01
"PET0745","Vegan Adult Cat Food, Chicken & Tuna",5.17
"KIT0755","Power Nut Cup",4.31
"COL0757","Noah's Bobblehead (puce)",9.04
"KIT0762","Sapphire Scoop",1.87
"PET0770","Dry Cat Food, Chicken & Pumpkin",3.16
"PET0773","Wet Adult Cat Food, Beef & Beef",2.77
"PET0786","Gluten-free Adult Cat Food, Tuna & Tuna",4.78
"PET0787","Gluten-free Adult Cat Food, Tuna & Shrimp",4.27
"HOM0811","Power Bicycle",132.02
"HOM0818","Handmade Blender",232.55
"COL0820","Noah's Lunchbox (blue)",20.96
"KIT0825","Handmade Coffee Spatula",9.30
"HOM0835","Power Bicycle (red)",87.87
"DLI0876","Salted Cabbage Sandwich",9.21
"KIT0877","Green Cup",4.87
"DLI0890","Dilled Egg Salad",7.28
"HOM0892","Automatic Widget (red)",5.83
"KIT0901","Sapphire Cup",4.61
"KIT0922","White Strainer",6.50
"PET0925","Senior Cat Food",3.84
"HOM0948","Vintage Blender",140.98
"HOM0949","Power Crockpot",130.86
"COL0971","Noah's Jersey (yellow)",19.69
"PET0977","Vegan Senior Cat Food, Chicken & Beef",4.36
"HOM0982","Vintage Machine",79.92
"TOY0984","Power Train",13.49
"PET1006","Dry Adult Cat Food, Pumpkin & Beef",3.06
"KIT1016","Puce Bowl",10.17
"COL1035","Noah's Bobblehead (mauve)",9.66
"DLI1040","Smoked Cucumber Salad",6.82
"KIT1044","Leather Tongs",6.61
"HOM1047","Mechanical Widget",9.73
"TOY1056","Disney Board Game",41.97
"KIT1070","Power Cake Tongs",8.51
"TOY1076","Noah's Slinky",4.66
"HOM1078","Mega Toaster (magenta)",21.41
"HOM1085","Automatic Bicycle",164.10
"CMP1090","Cellular Router",82.40
"PET1090","Vegan Senior Cat Food, Tuna & Duck",4.39
"TOY1100","Noah's Ball",3.94
"HOM1101","Mechanical Mixer (orange)",88.93
"COL1137","Noah's Poster (green)",6.87
"PET1143","Wet Adult Cat Food, Tuna & Beef",2.74
"KIT1147","Automatic Spice Scale",16.41
"HOM1154","Automatic Machine (orange)",31.44
"HOM1165","Automatic Timer",14.53
"TOY1179","Marvel Toy Soldier",10.68
"COL1184","Noah's Jewelry (amber)",54.23
"PET1188","Dry Adult Cat Food, Pumpkin & Turkey",3.00
"KIT1197","Cup",5.60
"CMP1216","Bluetooth Modem",80.20
"HOM1216","Manual Mixer (orange)",94.72
"PET1220","Dry Senior Cat Food, Salmon & Shrimp",3.51
"COL1222","Noah's Gift Box (yellow)",4.54
"TOY1231","Electric Slinky",3.77
"KIT1273","Mechanical Lobster Pan",9.60
"TOY1282","Lego Hebrew Blocks",3.60
"PET1289","Vegan Adult Cat Food, Salmon & Chicken",4.06
"HOM1296","Electric Toaster (red)",19.42
"KIT1297","Mechanical Coffee Spatula",4.31
"DLI1310","Pickled Herring Salad",8.06
"PET1326","Vegan Cat Food, Tuna & Pumpkin",4.65
"PET1339","Dry Adult Cat Food, Duck & Tuna",2.85
"KIT1340","Azure Fork",3.00
"COL1357","Noah's Lunchbox (amber)",19.02
"TOY1404","Super Stickers",1.28
"CMP1406","Bluetooth Printer",128.05
"PET1409","Wet Adult Cat Food, Salmon & Shrimp",3.01
"KIT1410","Iron Pan",9.35
"DLI1416","Health Soup",5.33
"PET1427","Wet Adult Cat Food, Chicken & Beef",2.93
"PET1436","Vegan Cat Food, Chicken & Pumpkin",4.31
"CMP1443","Bluetooth Laptop",640.72
"COL1444","Noah's Jersey (azure)",22.00
"CMP1445","Womens Modem",74.13
"HOM1451","Mechanical Crockpot",157.03
"DLI1464","Coffee, Drip",6.21
"HOM1471","Toy Machine",44.26
"PET1475","Wet Adult Cat Food, Shrimp & Tuna",2.11
"HOM1475","Electric Blender",106.08
"TOY1479","Automatic Slinky",3.27
"KIT1490","Magenta Knife",35.14
"COL1502","Noah's Lunchbox (yellow)",15.32
"KIT1523","Blue Tongs",6.95
"KIT1528","Silver Fork",17.34
"KIT1534","Automatic Pie Crusher",6.73
"PET1536","Dry Senior Cat Food, Chicken & Chicken",2.26
"TOY1536","Tonka Train",13.65
"PET1537","Wet Cat Food, Duck & Pumpkin",2.64
"TOY1537","Tonka Dreidel",2.68
"TOY1538","Automatic Doll",11.06
"CMP1542","Network Router",74.37
"TOY1546","Noah's Dreidel",3.47
"KIT1555","Pearl Ladle",3.43
"COL1561","Noah's Bobblehead (yellow)",9.28
"KIT1563","Amber Scale",13.77
"KIT1564","Yellow Fork",2.78
"KIT1576","Automatic Candy Knife",34.11
"TOY1604","Toy Doll",7.48
"HOM1609","Handmade Radio (yellow)",43.18
"TOY1617","Electric Ball",3.06
"KIT1642","Ivory Fork",7.33
"PET1676","Mouse Food",1.64
"HOM1683","Super Radio",33.75
"KIT1695","Super Apple Strainer",6.46
"KIT1720","Silver Spatula",18.55
"HOM1734","Mechanical Crockpot (magenta)",63.66
"KIT1734","Mechanical Carrot Strainer",6.77
"KIT1754","Azure Spatula",4.40
"PET1757","Gluten-free Adult Cat Food, Pumpkin & Tuna",4.22
"DLI1761","Borscht Soup",5.32
"CMP1764","Network Keyboard",46.57
"KIT1764","Mechanical Eggplant Scale",16.48
"TOY1773","Jigsaw Puzzle (Moses and the Burning Bush)",4.03
"HOM1785","Electric Bicycle",180.41
"PET1794","Gluten-free Adult Cat Food, Salmon & Tuna",5.28
"KIT1804","Automatic Lobster Crusher",6.52
"CMP1823","Womens Camera",81.61
"KIT1826","Electric Apple Scale",14.74
"PET1831","Wet Cat Food, Turkey & Salmon",3.23
"PET1839","Wet Adult Cat Food, Shrimp & Pumpkin",3.18
"COL1840","Noah's Bobblehead (white)",8.82
"PET1840","Dry Adult Cat Food, Chicken & Duck",3.20
"TOY1849","Noah's Crayons",3.13
"PET1849","Vegan Senior Cat Food, Duck & Pumpkin",4.65
"HOM1852","Handmade Toaster",78.42
"BKY1873","Raspberry Babka",4.30
"TOY1879","Tonka Slinky",3.20
"PET1894","Dry Cat Food, Shrimp & Beef",3.16
"KIT1895","Manual Peanut Knife",34.72
"HOM1900","Handmade Crockpot (azure)",143.12
"COL1908","Noah's Poster (magenta)",7.20
"PET1909","Vegan Senior Cat Food, Chicken & Salmon",4.60
"COL1909","Noah's Gift Box (white)",5.48
"PET1919","Gluten-free Senior Cat Food, Shrimp & Tuna",4.23
"COL1923","Noah's Poster (purple)",8.77
"KIT1928","Power Potato Tongs",6.54
"PET1931","Gluten-free Adult Cat Food, Shrimp & Duck",4.65
"TOY1941","Manual Toy Soldier",9.29
"COL1955","Noah's Lunchbox (white)",15.73
"KIT1960","Leather Cup",4.48
"KIT1963","Electric Cashew Pan",10.37
"PET1976","Wet Cat Food, Beef & Chicken",3.17
"HOM1990","Mechanical Machine",64.58
"KIT1991","Mahogany Crusher",7.84
"PET2011","Dry Cat Food, Shrimp & Salmon",2.93
"PET2037","Lizard",0.93
"TOY2040","Manual Hebrew Blocks",3.40
"TOY2059","Handmade Hebrew Blocks",5.86
"CMP2063","Network Modem",70.63
"DLI2067","Broccoli Cabbage Roll",7.62
"KIT2084","Electric Lettuce Strainer",7.88
"HOM2099","Manual Crockpot (magenta)",68.33
"KIT2111","Super Spice Tongs",7.60
"TOY2118","Mini Ball",3.34
"KIT2118","White Cup",5.28
"TOY2121","Mechanical Crayons",2.61
"KIT2138","Diamond Pan",7.39
"COL2142","Noah's Jersey (amber)",16.85
"COL2158","Noah's Lunchbox (green)",17.77
"COL2161","Noah's Gift Box (green)",4.90
"HOM2169","Handmade Crockpot",299.65
"HOM2179","Mini Radio (puce)",15.36
"PET2182","Wet Cat Food, Beef & Pumpkin",3.47
"HOM2196","Manual Crockpot (puce)",72.34
"TOY2200","Star Wars Stickers",2.02
"PET2208","Vegan Cat Food, Duck & Salmon",4.29
"KIT2214","Power Garlic Cup",5.15
"CMP2222","Womens Keyboard",51.35
"BKY2239","Poppyseed Mandelbrot",5.11
"HOM2248","Mini Mixer (orange)",96.66
"KIT2249","Automatic Pie Scale",16.35
"HOM2250","Handmade Bicycle",332.42
"KIT2257","Yellow Crusher",6.76
"COL2258","Noah's Jersey (purple)",17.32
"HOM2258","Toy Radio (green)",14.18
"PET2263","Gluten-free Adult Cat Food, Tuna & Salmon",4.18
"KIT2267","Purple Scale",15.11
"KIT2270","Diamond Fork",2.62
"PET2270","Vegan Cat Food, Shrimp & Salmon",4.75
"HOM2275","Mechanical Bicycle (magenta)",84.77
"HOM2286","Electric Timer (orange)",7.06
"PET2301","Vegan Adult Cat Food, Tuna & Tuna",4.35
"KIT2303","Electric Coconut Bowl",10.49
"HOM2308","Manual Radio (red)",23.25
"DLI2316","Pickled Salmon Salad",6.89
"KIT2330","Leather Strainer",5.37
"PET2336","Dry Senior Cat Food, Turkey & Beef",3.79
"HOM2338","Manual Timer",14.02
"KIT2344","Electric Eggplant Crusher",8.27
"TOY2373","Disney Hebrew Blocks",9.25
"HOM2388","Mini Radio (magenta)",16.96
"TOY2406","Lego Dreidel",3.03
"KIT2410","Stone Scoop",1.81
"DLI2417","Matzo Ball Soup",4.96
"HOM2431","Electric Bicycle (blue)",85.88
"TOY2447","Automatic Ball",3.18
"HOM2448","Automatic Timer (azure)",7.37
"TOY2466","Transformers Dreidel",4.00
"PET2470","Gluten-free Adult Cat Food, Tuna & Beef",4.02
"TOY2471","Manual Crayons",3.11
"CMP2479","Bluetooth Keyboard",50.76
"KIT2480","Puce Scale",14.27
"KIT2490","Puce Strainer",5.63
"KIT2491","Red Strainer",6.65
"HOM2494","Mini Timer (magenta)",7.18
"CMP2507","Wireless Camera",92.48
"KIT2511","Stone Spatula",4.20
"KIT2531","Handmade Mushroom Fork",6.58
"CMP2560","Womens Phone",338.88
"TOY2570","Power Blocks",4.25
"PET2589","Adult Lizard Food",2.98
"PET2599","Dry Senior Cat Food, Duck & Chicken",2.70
"PET2633","Dry Adult Cat Food, Chicken & Beef",3.02
"KIT2646","Silver Pan",48.87
"PET2689","Wet Senior Cat Food, Chicken & Tuna",2.99
"CMP2693","Network Phone",268.84
"KIT2700","Manual Melon Pan",9.94
"TOY2727","Automatic Fidget Toy",1.00
"TOY2730","Marvel Blocks",6.19
"CMP2736","Cellular Laptop",779.06
"KIT2742","Purple Bowl",11.52
"KIT2743","Bronze Bowl",11.27
"KIT2753","Automatic Carrot Scoop",2.12
"HOM2781","Power Widget",10.29
"HOM2782","Manual Radio (magenta)",19.49
"KIT2793","Mechanical Cake Fork",2.65
"HOM2803","Super Crockpot (purple)",65.66
"PET2808","Wet Cat Food, Tuna & Tuna",3.01
"HOM2811","Automatic Crockpot (orange)",62.59
"KIT2815","Green Spatula",4.04
"PET2818","Vegan Adult Cat Food, Chicken & Beef",4.08
"PET2823","Vegan Cat Food, Pumpkin & Pumpkin",4.32
"KIT2824","Steel Scale",14.95
"PET2842","Gluten-free Adult Cat Food, Beef & Turkey",5.05
"PET2851","Dry Adult Cat Food, Pumpkin & Chicken",2.59
"KIT2852","Mauve Strainer",7.44
"HOM2857","Electric Bicycle (orange)",79.33
"KIT2859","Magenta Crusher",7.20
"KIT2863","Green Bowl",11.19
"KIT2885","Emerald Scoop",2.04
"PET2924","Dry Adult Cat Food, Tuna & Turkey",3.10
"HOM2934","Mechanical Blender",98.58
"KIT2936","Azure Knife",31.23
"PET2938","Gluten-free Cat Food, Pumpkin & Shrimp",4.43
"PET2945","Wet Adult Cat Food, Chicken & Duck",2.89
"PET2950","Vegan Adult Cat Food, Pumpkin & Duck",5.32
"TOY2951","Noah's Blocks",5.61
"CMP2961","Bluetooth Phone",327.15
"KIT2986","White Pan",10.63
"KIT2997","Mini Nut Strainer",7.23
"PET2998","Wet Adult Cat Food, Salmon & Chicken",3.68
"KIT3005","Bronze Strainer",7.35
"HOM3009","Toy Crockpot (yellow)",50.48
"TOY3022","Electric Silly Bandz",3.15
"COL3026","Noah's Jersey (green)",16.71
"COL3030","Noah's Action Figure (white)",26.20
"DLI3041","Smoked Cucumber Sandwich",8.93
"COL3050","Noah's Jewelry (green)",59.54
"HOM3063","Manual Machine (amber)",32.40
"HOM3073","Power Crockpot (amber)",70.50
"KIT3086","Handmade Pizza Crusher",11.80
"TOY3100","Marvel Silly Bandz",3.64
"HOM3103","Ultra Bicycle",183.74
"BKY3104","Caraway Puff",4.36
"COL3110","Noah's Action Figure (green)",27.18
"HOM3113","Mechanical Widget (azure)",4.95
"KIT3130","Lead Fork",3.25
"KIT3135","Blue Knife",24.64
"HOM3149","Super Machine (purple)",30.22
"PET3151","Adult Cat Food",3.30
"BKY3164","Caraway Bialy",5.15
"TOY3188","Toy Blocks",2.61
"KIT3189","Puce Fork",2.85
"PET3200","Gluten-free Adult Cat Food, Tuna & Pumpkin",4.61
"TOY3204","Marvel Slinky",4.85
"HOM3207","Mechanical Timer",14.03
"KIT3216","Yellow Spatula",4.50
"TOY3220","Noah's Silly Bandz",3.46
"TOY3230","Noah's Fidget Toy",1.32
"KIT3230","Blue Scoop",2.03
"KIT3233","Pearl Fork",3.11
"KIT3234","Diamond Strainer",7.52
"PET3246","Dry Senior Cat Food, Chicken & Turkey",3.29
"TOY3247","Mechanical Stickers",0.86
"KIT3264","Electric Barbecue Pan",12.98
"PET3268","Vegan Adult Cat Food, Turkey & Chicken",3.96
"COL3286","Noah's Jersey (magenta)",19.51
"TOY3290","Disney Ball",8.61
"PET3291","Vegan Adult Cat Food, Beef & Beef",5.00
"HOM3296","Electric Blender (purple)",49.64
"KIT3298","Silver Cup",24.18
"KIT3300","Mechanical Onion Spatula",3.62
"KIT3307","Amber Scoop",1.87
"HOM3312","Automatic Crockpot",166.11
"PET3329","Dry Cat Food, Tuna & Turkey",3.19
"PET3331","Mouse",0.44
"TOY3341","Mini Yoyo",5.19
"KIT3342","Pewter Ladle",3.37
"TOY3343","Star Wars Dreidel",6.20
"CMP3373","Wireless Keyboard",48.40
"HOM3377","Super Crockpot",157.85
"PET3395","Wet Senior Cat Food, Chicken & Chicken",3.02
"KIT3400","Leather Pan",9.75
"COL3406","Noah's Jewelry (white)",44.83
"PET3420","Senior Dog Food",2.95
"BKY3437","Raspberry Mandelbrot",4.89
"KIT3455","Handmade Cereal Fork",5.86
"KIT3457","Handmade Butter Pan",20.41
"COL3461","Noah's Poster (orange)",5.67
"KIT3489","Lead Scoop",1.92
"PET3493","Dry Adult Cat Food, Turkey & Chicken",2.91
"PET3538","Dry Cat Food, Chicken & Beef",2.90
"KIT3561","Bronze Tongs",7.65
"KIT3563","Power Pizza Pan",10.28
"KIT3568","Lead Spatula",5.10
"COL3572","Noah's Jewelry (magenta)",57.55
"TOY3595","Mechanical Hebrew Blocks",3.30
"KIT3616","Electric Cake Cup",5.34
"PET3616","Wet Cat Food, Shrimp & Duck",3.09
"DLI3625","Broccoli Latke",10.26
"PET3658","Wet Cat Food, Pumpkin & Salmon",2.80
"KIT3661","Purple Cup",5.63
"TOY3667","Power Silly Bandz",3.30
"COL3669","Noah's Poster (puce)",6.97
"DLI3674","Pickled Cucumber Sandwich",9.03
"PET3688","Senior Lizard Food",2.70
"KIT3703","Azure Cup",4.41
"KIT3709","Electric Spice Scoop",2.39
"HOM3733","Mechanical Timer (magenta)",6.96
"HOM3770","Automatic Machine (white)",26.22
"PET3771","Dry Adult Cat Food, Duck & Shrimp",3.17
"PET3774","Vegan Cat Food, Tuna & Shrimp",5.02
"HOM3785","Handmade Radio",75.52
"KIT3787","Handmade Carrot Scoop",4.24
"KIT3790","Green Tongs",7.53
"KIT3795","Magenta Pan",8.66
"KIT3808","Gold Crusher",2240.04
"COL3822","Noah's Jersey (blue)",18.56
"PET3823","Senior Bird Food",2.59
"COL3831","Noah's Jewelry (orange)",49.80
"PET3844","Dry Adult Cat Food, Pumpkin & Salmon",2.82
"KIT3848","Pearl Pan",10.03
"KIT3866","Amber Crusher",5.89
"DLI3881","Kasha Blintz",10.32
"PET3887","Gluten-free Adult Cat Food, Salmon & Duck",4.60
"COL3888","Noah's Poster (amber)",6.41
"PET3892","Wet Adult Cat Food, Salmon & Salmon",3.31
"TOY3895","Star Wars Blocks",7.84
"KIT3898","Diamond Cup",5.23
"KIT3899","Mechanical Apple Pan",11.21
"TOY3902","Mechanical Train",13.28
"HOM3917","Electric Mixer",234.89
"KIT3920","Red Ladle",3.33
"PET3925","Gluten-free Cat Food, Beef & Chicken",4.64
"HOM3940","Manual Radio (mauve)",18.27
"KIT3947","Tongs",6.43
"HOM3956","Power Timer (green)",7.20
"TOY3959","Vintage Airplane",19.52
"HOM3966","Power Bicycle (white)",82.88
"KIT3972","Green Scoop",1.96
"PET3977","Rabbit",2.43
"KIT3981","Strainer",5.51
"KIT3994","Pewter Scoop",2.21
"COL4001","Noah's Jewelry (yellow)",53.74
"PET4017","Dry Adult Cat Food, Tuna & Salmon",2.82
"BKY4022","Sesame Bialy",5.86
"PET4024","Dry Adult Cat Food, Tuna & Chicken",2.66
"KIT4036","Green Scale",19.19
"PET4063","Gluten-free Senior Cat Food, Salmon & Duck",4.40
"DLI4093","Dilled Egg Sandwich",9.77
"KIT4096","Lead Pan",10.47
"KIT4128","Iron Crusher",6.84
"KIT4139","Mahogany Scale",15.65
"HOM4140","Mini Mixer",192.60
"PET4150","Wet Cat Food, Salmon & Beef",3.39
"KIT4151","Blue Ladle",2.83
"PET4169","Adult Rat Food",1.67
"COL4175","Noah's Jersey (puce)",19.10
"PET4190","Gluten-free Cat Food, Beef & Pumpkin",4.23
"PET4191","Dog Food",2.83
"PET4196","Vegan Senior Cat Food, Salmon & Tuna",4.56
"DLI4201","Salted Salmon Salad",6.86
"HOM4206","Handmade Widget",17.52
"KIT4212","Blue Strainer",7.44
"KIT4214","Manual Coconut Cup",4.38
"HOM4224","Electric Blender (mauve)",65.41
"HOM4226","Mega Blender (orange)",54.99
"KIT4228","Crusher",7.06
"COL4233","Noah's Poster (azure)",7.31
"BKY4234","Caraway Bagel",6.23
"HOM4238","Electric Toaster",49.65
"KIT4240","Yellow Scale",16.87
"PET4245","Adult Guinea Pig Food",1.43
"KIT4254","Pearl Tongs",7.68
"HOM4256","Super Bicycle",112.91
"PET4263","Wet Adult Cat Food, Turkey & Salmon",2.86
"PET4268","Vegan Cat Food, Beef & Pumpkin",4.32
"PET4273","Adult Hedgehog Food",2.39
"KIT4283","Electric Hamburger Cup",6.52
"PET4295","Hamster",0.48
"KIT4315","Sapphire Bowl",9.29
"PET4321","Wet Cat Food, Turkey & Duck",3.07
"PET4353","Dry Adult Cat Food, Duck & Turkey",3.16
"PET4356","Gluten-free Adult Cat Food, Chicken & Shrimp",4.87
"TOY4361","Handmade Doll",15.56
"KIT4362","Porcelain Cup",4.47
"PET4365","Vegan Cat Food, Turkey & Duck",4.29
"KIT4366","Mechanical Cashew Crusher",8.16
"HOM4375","Automatic Mixer (white)",108.20
"TOY4377","Mechanical Blocks",4.21
"COL4384","Noah's Poster (white)",7.52
"KIT4410","Leather Scale",12.15
"DLI4425","Dilled Whitefish Sandwich",8.47
"TOY4430","Electric Train",13.24
"KIT4435","Electric Apple Cup",5.50
"HOM4438","Handmade Radio (blue)",33.17
"PET4442","Dry Senior Cat Food, Tuna & Beef",2.82
"TOY4445","Jigsaw Puzzle (Garden of Eden)",4.17
"TOY4453","Lego Crayons",3.72
"PET4492","Gluten-free Cat Food, Pumpkin & Beef",4.83
"HOM4495","Toy Radio",23.12
"CMP4499","Wireless Monitor",115.75
"PET4499","Dry Cat Food, Turkey & Tuna",3.04
"PET4506","Wet Adult Cat Food, Beef & Turkey",3.40
"CMP4509","Womens Monitor",124.34
"KIT4511","Amber Ladle",2.73
"CMP4514","Wireless Modem",71.15
"HOM4516","Power Bicycle (magenta)",64.62
"HOM4542","Electric Widget",10.59
"HOM4573","Electric Machine",71.31
"KIT4595","Mauve Pan",9.97
"HOM4596","Mechanical Widget (purple)",5.34
"KIT4608","Mechanical Chocolate Crusher",7.89
"PET4616","Wet Cat Food, Turkey & Pumpkin",3.70
"KIT4621","Red Scale",15.30
"DLI4626","Smoked Salmon Salad",8.95
"CMP4627","Wireless Printer",112.64
"KIT4628","Silver Ladle",12.89
"TOY4628","Manual Fidget Toy",1.00
"PET4630","Dry Adult Cat Food, Turkey & Pumpkin",2.68
"HOM4635","Automatic Widget",12.31
"KIT4656","Ladle",2.92
"TOY4658","Lego Slinky",2.93
"PET4665","Wet Adult Cat Food, Beef & Tuna",2.65
"TOY4690","Automatic Crayons",2.91
"HOM4712","Automatic Radio (azure)",19.52
"DLI4728","Dilled Beet Sandwich",7.79
"TOY4737","Tonka Silly Bandz",3.44
"KIT4742","Manual Coffee Bowl",11.27
"TOY4749","Mini Board Game",15.68
"COL4761","Noah's Action Figure (yellow)",26.32
"KIT4764","Ruby Fork",3.28
"COL4787","Noah's Gift Box (purple)",5.32
"COL4807","Noah's Poster (yellow)",7.82
"TOY4810","Marvel Hebrew Blocks",4.31
"PET4812","Gluten-free Senior Cat Food, Salmon & Salmon",3.75
"DLI4814","Dilled Herring Sandwich",8.21
"PET4831","Vegan Adult Cat Food, Duck & Beef",5.06
"KIT4835","Ivory Scoop",6.88
"PET4835","Vegan Cat Food, Turkey & Turkey",4.48
"HOM4837","Power Radio (green)",19.05
"KIT4838","Automatic Peanut Bowl",9.26
"KIT4839","Vintage Tuna Strainer",10.03
"DLI4841","Dilled Beet Salad",7.70
"KIT4847","Mechanical Pineapple Pan",11.29
"TOY4882","Star Wars Board Game",26.27
"PET4887","Gluten-free Adult Cat Food, Shrimp & Tuna",4.70
"TOY4898","Transformers Ball",3.35
"DLI4903","Dilled Herring Salad",7.14
"KIT4924","Silver Scale",79.76
"KIT4931","Mechanical Pie Fork",3.05
"TOY4935","Super Hebrew Blocks",2.83
"KIT4938","Automatic Cake Spatula",4.17
"KIT4940","Spatula",3.55
"BKY4940","Raspberry Hamentash",5.31
"COL4944","Noah's Jersey (white)",18.79
"CMP4944","Cellular Webcam",31.07
"KIT4980","Ruby Tongs",6.14
"HOM4995","Manual Timer (orange)",7.39
"PET4998","Gluten-free Adult Cat Food, Duck & Beef",5.15
"KIT5000","Yellow Tongs",6.02
"BKY5009","Poppyseed Hamentash",4.75
"PET5021","Wet Adult Cat Food, Salmon & Pumpkin",2.77
"DLI5026","Dilled Cabbage Sandwich",8.70
"PET5029","Dry Adult Cat Food, Turkey & Tuna",3.36
"TOY5034","Marvel Train",22.26
"PET5042","Dry Adult Cat Food, Turkey & Duck",3.40
"KIT5047","Gold Bowl",3068.25
"KIT5054","Handmade Potato Cup",9.34
"PET5064","Dry Cat Food, Beef & Salmon",3.03
"PET5071","Dry Adult Cat Food, Chicken & Tuna",3.16
"HOM5080","Automatic Bicycle (blue)",71.94
"KIT5093","Silver Bowl",47.04
"HOM5096","Manual Crockpot",138.00
"KIT5109","Mahogany Cup",5.42
"HOM5127","Electric Toaster (blue)",21.72
"PET5133","Vegan Senior Cat Food, Tuna & Pumpkin",4.26
"HOM5134","Electric Toaster (mauve)",24.02
"HOM5139","Electric Machine (amber)",31.81
"TOY5147","Noah's Doll",14.90
"TOY5176","Disney Crayons",8.42
"HOM5190","Power Toaster (white)",18.93
"PET5192","Wet Cat Food, Shrimp & Tuna",2.97
"TOY5195","Mechanical Slinky",2.69
"PET5196","Gluten-free Senior Cat Food, Salmon & Pumpkin",4.36
"PET5197","Vegan Adult Cat Food, Shrimp & Turkey",4.55
"KIT5203","Manual Hamburger Bowl",8.35
"KIT5226","Bronze Knife",33.82
"PET5235","Dry Adult Cat Food, Chicken & Turkey",3.54
"KIT5237","Toy Bread Fork",1.86
"KIT5264","Mauve Ladle",2.80
"HOM5271","Mechanical Machine (mauve)",27.16
"TOY5282","Transformers Yoyo",6.52
"COL5299","Noah's Bobblehead (magenta)",9.54
"KIT5300","Red Knife",28.50
"HOM5312","Electric Radio (blue)",19.18
"COL5317","Noah's Gift Box (blue)",5.40
"KIT5342","Purple Ladle",2.68
"PET5362","Dry Senior Cat Food, Beef & Tuna",2.89
"KIT5373","Vintage Chocolate Strainer",11.77
"HOM5388","Power Mixer",234.32
"PET5398","Dry Cat Food, Pumpkin & Duck",3.19
"COL5421","Noah's Action Figure (mauve)",25.46
"PET5443","Wet Cat Food, Salmon & Duck",3.00
"TOY5451","Mechanical Board Game",13.81
"PET5459","Wet Cat Food, Chicken & Chicken",3.16
"KIT5468","Manual Fajita Strainer",6.79
"PET5476","Gluten-free Cat Food, Chicken & Turkey",4.28
"KIT5488","Pan",11.11
"KIT5489","Steel Strainer",5.77
"TOY5505","Star Wars Toy Soldier",19.13
"TOY5516","Power Ball",3.03
"DLI5518","Smoked Herring Salad",6.97
"PET5519","Vegan Cat Food, Duck & Pumpkin",4.99
"HOM5545","Mega Timer",16.71
"DLI5545","Pickled Beet Sandwich",9.10
"KIT5556","Manual Eggplant Scale",12.37
"PET5567","Vegan Adult Cat Food, Chicken & Shrimp",4.68
"KIT5570","Emerald Spatula",3.93
"PET5583","Dry Adult Cat Food, Beef & Salmon",3.53
"DLI5592","Pickled Cabbage Sandwich",8.78
"PET5609","Senior Ferret Food",1.54
"DLI5626","Dilled Salmon Sandwich",9.51
"KIT5642","Azure Scoop",1.95
"PET5645","Gluten-free Adult Cat Food, Pumpkin & Pumpkin",4.98
"HOM5666","Manual Toaster (orange)",19.68
"HOM5682","Toy Mixer (amber)",72.48
"TOY5690","Star Wars Slinky",6.25
"KIT5711","Yellow Cup",5.87
"PET5726","Senior Hedgehog Food",2.48
"PET5728","Adult Hamster Food",1.79
"DLI5741","Pickled Egg Sandwich",8.92
"KIT5750","Porcelain Fork",3.37
"PET5751","Dry Senior Cat Food, Beef & Chicken",3.10
"PET5754","Dry Cat Food, Turkey & Beef",2.72
"TOY5756","Automatic Hebrew Blocks",3.30
"DLI5761","Smoked Cabbage Sandwich",8.29
"PET5777","Gluten-free Cat Food, Beef & Turkey",5.11
"KIT5802","Vintage Peanut Cup",8.14
"KIT5809","Ivory Scale",50.73
"TOY5812","Automatic Stickers",1.03
"KIT5813","Stone Tongs",6.37
"TOY5819","Tonka Ball",3.28
"KIT5822","Power Coffee Scale",13.90
"HOM5838","Electric Crockpot (purple)",71.36
"PET5838","Wet Cat Food, Duck & Duck",2.91
"TOY5854","Power Board Game",15.78
"KIT5861","Vintage Coffee Strainer",11.24
"COL5864","Noah's Gift Box (azure)",6.47
"KIT5875","Yellow Scoop",1.98
"KIT5876","Paper Scale",2.67
"BKY5887","Sesame Bagel",6.38
"PET5887","Adult Mouse Food",1.52
"PET5890","Gluten-free Adult Cat Food, Beef & Chicken",4.95
"DLI5895","Pickled Whitefish Salad",6.27
"DLI5904","Pickled Cucumber Salad",6.95
"COL5914","Noah's Lunchbox (red)",19.36
"TOY5920","Tonka Crayons",2.94
"KIT5932","Power Coconut Knife",32.94
"KIT5935","Diamond Scale",17.17
"HOM5937","Mechanical Bicycle (orange)",64.40
"TOY5942","Electric Yoyo",5.70
"PET5953","Vegan Senior Cat Food, Duck & Turkey",5.58
"PET5974","Senior Rabbit Food",6.16
"COL5979","Noah's Gift Box (amber)",5.87
"PET5982","Wet Cat Food, Shrimp & Shrimp",3.10
"DLI5996","Kasha Kugel",11.84
"KIT5997","Amber Knife",29.96
"KIT6018","Super Cherry Scoop",1.82
"KIT6023","Power Sandwich Cup",5.46
"KIT6035","Automatic Salad Fork",2.63
"DLI6060","Pickled Beet Salad",6.86
"KIT6066","Stone Fork",3.26
"KIT6068","Handmade Salad Pan",19.60
"PET6074","Bird",0.79
"KIT6081","Mechanical Mushroom Strainer",7.56
"HOM6084","Automatic Crockpot (blue)",79.87
"PET6086","Vegan Adult Cat Food, Salmon & Pumpkin",4.87
"HOM6102","Manual Blender",99.13
"KIT6113","Automatic Coconut Knife",27.83
"KIT6122","Yellow Pan",11.26
"PET6124","Gluten-free Adult Cat Food, Pumpkin & Shrimp",3.95
"PET6127","Dry Adult Cat Food, Chicken & Pumpkin",3.63
"TOY6132","Mini Doll",8.99
"KIT6134","Manual Mushroom Pan",11.74
"HOM6145","Handmade Mixer (red)",218.11
"CMP6146","Womens Printer",110.12
"TOY6147","Lego Ball",3.60
"TOY6156","Power Airplane",10.06
"TOY6157","Marvel Ball",5.14
"PET6164","Wet Adult Cat Food, Chicken & Tuna",2.88
"KIT6190","Electric Tuna Cup",5.75
"KIT6197","Purple Pan",10.73
"KIT6202","Puce Spatula",4.01
"PET6207","Dry Adult Cat Food, Turkey & Beef",3.05
"KIT6234","Orange Fork",2.73
"PET6266","Gluten-free Senior Cat Food, Beef & Chicken",4.36
"KIT6296","Leather Bowl",10.30
"PET6297","Snake Food",3.06
"HOM6300","Power Toaster",45.46
"TOY6307","Transformers Blocks",5.85
"PET6309","Wet Senior Cat Food, Salmon & Shrimp",2.66
"PET6321","Wet Senior Cat Food, Salmon & Beef",2.94
"TOY6324","Disney Slinky",10.54
"HOM6326","Vintage Toaster (green)",25.02
"HOM6344","Automatic Blender (orange)",50.41
"KIT6349","Red Spatula",3.81
"KIT6359","Automatic Onion Scale",15.39
"KIT6363","Automatic Hamburger Knife",27.97
"KIT6401","Automatic Cherry Strainer",7.21
"PET6411","Rat Food",1.53
"TOY6428","Disney Silly Bandz",8.70
"HOM6435","Vintage Blender (yellow)",70.49
"PET6450","Vegan Adult Cat Food, Beef & Pumpkin",4.38
"BKY6452","Sesame Puff",5.80
"TOY6454","Mechanical Ball",2.64
"COL6455","Noah's Bobblehead (amber)",9.88
"HOM6468","Manual Bicycle",142.07
"HOM6475","Super Bicycle (amber)",75.96
"PET6488","Gluten-free Cat Food, Turkey & Turkey",4.46
"PET6505","Gluten-free Adult Cat Food, Chicken & Beef",4.22
"KIT6506","Porcelain Strainer",8.02
"KIT6534","Stone Strainer",8.68
"HOM6547","Electric Crockpot (amber)",78.67
"COL6549","Noah's Lunchbox (magenta)",17.36
"TOY6550","Tonka Board Game",15.71
"KIT6560","Pewter Scale",12.43
"KIT6568","Silver Crusher",32.22
"DLI6579","Salted Beet Salad",8.50
"KIT6579","Azure Strainer",7.68
"KIT6586","Manual Lettuce Scale",16.88
"TOY6593","Lego Doll",12.00
"DLI6594","Smoked Salmon Sandwich",9.64
"TOY6608","Mechanical Dreidel",2.68
"CMP6617","Network Camera",105.95
"KIT6619","White Fork",2.28
"TOY6625","Vintage Train",13.09
"HOM6626","Manual Bicycle (blue)",66.97
"KIT6627","Red Tongs",6.35
"COL6628","Noah's Gift Box (red)",4.81
"TOY6629","Electric Board Game",15.65
"PET6701","Dry Senior Cat Food, Turkey & Turkey",3.66
"DLI6705","Salted Beet Sandwich",8.62
"COL6708","Noah's Action Figure (red)",27.51
"KIT6716","Handmade Eggplant Strainer",11.74
"TOY6723","Toy Silly Bandz",1.70
"HOM6727","Vintage Blender (blue)",61.66
"PET6728","Vegan Adult Cat Food, Salmon & Beef",5.41
"KIT6745","Leather Fork",3.12
"PET6755","Adult Dog Food",3.49
"KIT6775","Pewter Fork",2.87
"COL6782","Noah's Lunchbox (orange)",17.74
"PET6786","Senior Mouse Food",1.40
"PET6797","Vegan Adult Cat Food, Shrimp & Beef",3.97
"KIT6799","Mini Carrot Spatula",4.29
"HOM6804","Automatic Radio",35.46
"HOM6805","Electric Timer (puce)",7.93
"PET6806","Dry Senior Cat Food, Chicken & Salmon",3.12
"DLI6819","Dilled Salmon Salad",8.01
"COL6819","Noah's Jersey (mauve)",16.90
"CMP6829","Cellular Printer",125.80
"PET6839","Snake",1.12
"BKY6845","Poppyseed Babka",5.44
"HOM6852","Automatic Mixer",220.36
"KIT6856","Manual Pizza Knife",26.48
"PET6857","Wet Senior Cat Food, Salmon & Chicken",2.47
"COL6865","Noah's Jewelry (mauve)",46.52
"HOM6871","Manual Timer (green)",7.11
"BKY6881","Poppyseed Rugelach",5.35
"KIT6890","Vintage Tuna Tongs",12.13
"KIT6907","Amber Bowl",9.99
"PET6923","Wet Adult Cat Food, Turkey & Pumpkin",2.96
"PET6930","Dry Adult Cat Food, Tuna & Duck",2.92
"PET6932","Wet Adult Cat Food, Turkey & Beef",2.95
"KIT6938","Vintage Cake Bowl",14.01
"HOM6954","Mechanical Blender (puce)",44.32
"PET6957","Gluten-free Cat Food, Pumpkin & Chicken",4.46
"HOM6989","Manual Widget (magenta)",4.23
"PET6995","Wet Adult Cat Food, Turkey & Shrimp",3.14
"PET7006","Wet Adult Cat Food, Beef & Salmon",2.78
"HOM7008","Power Blender",104.08
"PET7021","Gluten-free Cat Food, Pumpkin & Salmon",4.29
"COL7026","Noah's Action Figure (orange)",25.49
"HOM7042","Power Machine",70.56
"KIT7053","Automatic Lettuce Pan",10.96
"PET7053","Wet Cat Food, Salmon & Tuna",3.10
"TOY7061","Transformers Silly Bandz",3.79
"KIT7096","White Scale",10.98
"KIT7097","Ivory Ladle",7.78
"KIT7098","Mechanical Candy Pan",9.05
"DLI7100","Smoked Cabbage Salad",7.32
"HOM7105","Handmade Toaster (blue)",33.65
"CMP7107","Wireless Phone",285.77
"PET7115","Dry Senior Cat Food, Salmon & Tuna",2.98
"KIT7134","Pewter Crusher",7.14
"HOM7152","Automatic Widget (magenta)",5.17
"PET7157","Gluten-free Cat Food, Beef & Salmon",5.20
"BKY7160","Caraway Twist",6.15
"PET7165","Wet Adult Cat Food, Beef & Shrimp",2.54
"TOY7183","Mini Fidget Toy",1.07
"TOY7195","Handmade Board Game",34.85
"TOY7197","Mini Silly Bandz",2.64
"PET7210","Gluten-free Cat Food, Salmon & Duck",4.61
"KIT7213","Electric Pie Bowl",9.89
"DLI7221","Salted Whitefish Salad",6.76
"DLI7226","Dilled Whitefish Salad",7.15
"KIT7246","Puce Crusher",7.38
"PET7248","Dry Adult Cat Food, Shrimp & Pumpkin",3.04
"DLI7251","Smoked Herring Sandwich",9.44
"CMP7257","Wireless Webcam",30.14
"KIT7258","Steel Crusher",7.20
"KIT7281","Porcelain Knife",26.87
"PET7282","Gluten-free Cat Food, Chicken & Pumpkin",3.98
"KIT7296","Handmade Cookie Scoop",3.17
"HOM7301","Manual Widget",10.55
"HOM7304","Vintage Crockpot (amber)",124.62
"KIT7336","Power Eggplant Scoop",1.92
"COL7385","Noah's Lunchbox (mauve)",19.01
"HOM7425","Electric Bicycle (mauve)",78.79
"KIT7458","Leather Scoop",2.19
"PET7490","Wet Adult Cat Food, Tuna & Shrimp",3.08
"TOY7494","Power Hebrew Blocks",3.10
"PET7516","Vegan Cat Food, Beef & Beef",4.10
"PET7524","Dry Cat Food, Beef & Turkey",3.37
"TOY7527","Noah's Airplane",19.13
"CMP7531","Bluetooth Webcam",29.61
"PET7547","Fish",0.74
"KIT7549","Gold Spatula",1198.59
"KIT7550","Super Coffee Ladle",3.17
"TOY7551","Transformers Toy Soldier",12.78
"TOY7556","Electric Stickers",1.13
"KIT7561","Mechanical Melon Bowl",8.93
"TOY7563","Mini Toy Soldier",10.75
"KIT7578","Electric Pizza Knife",29.79
"DLI7592","Salted Whitefish Sandwich",9.21
"CMP7620","Cellular Modem",70.69
"PET7638","Vegan Adult Cat Food, Beef & Shrimp",4.33
"KIT7644","Manual Cashew Crusher",7.55
"TOY7653","Noah's Train",14.13
"PET7663","Gluten-free Adult Cat Food, Beef & Beef",4.30
"KIT7673","Steel Scoop",2.17
"KIT7684","Power Butter Bowl",10.71
"HOM7688","Mini Blender",97.77
"PET7690","Bird Food",1.99
"HOM7691","Automatic Toaster",34.87
"PET7702","Dry Cat Food, Tuna & Beef",2.75
"DLI7706","Smoked Beet Salad",5.38
"BKY7711","Sesame Twist",4.96
"KIT7726","Handmade Steak Strainer",13.94
"HOM7757","Electric Machine (purple)",29.43
"KIT7779","Power Pie Fork",3.29
"PET7780","Dry Adult Cat Food, Salmon & Tuna",3.12
"KIT7784","Yellow Strainer",8.09
"COL7794","Noah's Poster (red)",7.12
"TOY7796","Electric Hebrew Blocks",3.25
"PET7808","Dry Cat Food, Pumpkin & Tuna",3.17
"PET7812","Guinea Pig",0.49
"KIT7828","Puce Cup",4.24
"CMP7830","Network Monitor",123.74
"COL7833","Noah's Ark Model (HO Scale)",2487.35
"CMP7833","Womens Router",73.86
"PET7843","Wet Senior Cat Food, Turkey & Beef",3.12
"HOM7845","Mini Mixer (puce)",100.17
"PET7865","Dry Adult Cat Food, Salmon & Duck",2.82
"PET7866","Dry Adult Cat Food, Salmon & Salmon",2.65
"TOY7876","Marvel Crayons",4.38
"PET7876","Vegan Adult Cat Food, Duck & Turkey",3.91
"TOY7878","Disney Train",36.82
"DLI7880","Broccoli Kugel",10.19
"PET7884","Cat Food",2.91
"HOM7903","Electric Timer",16.95
"COL7913","Noah's Action Figure (amber)",31.98
"KIT7922","Manual Melon Spatula",4.31
"CMP7935","Bluetooth Camera",80.07
"TOY7950","Noah's Board Game",20.47
"TOY7956","Electric Airplane",14.70
"KIT7957","Automatic Candy Crusher",7.57
"COL7968","Noah's Gift Box (puce)",5.30
"KIT7973","Iron Scoop",1.70
"KIT7995","Mechanical Sandwich Ladle",3.06
"HOM8012","Super Machine",58.55
"PET8018","Wet Adult Cat Food, Salmon & Beef",2.91
"HOM8025","Electric Crockpot",145.79
"DLI8026","Broccoli Knish",8.35
"TOY8028","Transformers Crayons",3.56
"PET8035","Gluten-free Cat Food, Salmon & Tuna",3.68
"COL8041","Noah's Lunchbox (puce)",14.78
"KIT8049","Gold Strainer",2000.60
"CMP8053","Cellular Monitor",114.37
"KIT8055","Mauve Scoop",1.65
"PET8066","Cat",1.23
"PET8075","Rabbit Food",5.65
"TOY8078","Disney Stickers",3.13
"KIT8085","Manual Tuna Tongs",7.78
"DLI8115","Salted Egg Salad",6.94
"TOY8117","Manual Yoyo",4.38
"HOM8143","Power Bicycle (amber)",76.87
"PET8152","Gluten-free Senior Cat Food, Salmon & Shrimp",3.77
"TOY8155","Transformers Slinky",3.67
"PET8166","Fish Food",1.81
"HOM8167","Mega Timer (mauve)",7.16
"DLI8169","Smoked Whitefish Salad",7.16
"KIT8175","Purple Scoop",1.74
"PET8175","Vegan Adult Cat Food, Tuna & Duck",3.98
"HOM8176","Vintage Crockpot (azure)",97.42
"TOY8194","Mechanical Fidget Toy",0.81
"TOY8195","Mechanical Silly Bandz",2.90
"KIT8198","Bronze Crusher",6.94
"PET8198","Wet Cat Food, Shrimp & Turkey",2.92
"PET8200","Wet Adult Cat Food, Chicken & Turkey",2.59
"KIT8203","Handmade Cherry Ladle",6.63
"DLI8206","Pickled Egg Salad",7.54
"PET8208","Wet Senior Cat Food, Chicken & Turkey",3.47
"TOY8220","Lego Blocks",4.62
"KIT8224","Knife",31.63
"DLI8234","Pickled Whitefish Sandwich",9.07
"DLI8237","Dilled Cucumber Salad",5.92
"DLI8240","Broccoli Blintz",8.80
"TOY8242","Transformers Fidget Toy",1.23
"CMP8246","Cellular Keyboard",44.10
"TOY8273","Jigsaw Puzzle (Parting the Red Sea)",6.00
"TOY8280","Handmade Blocks",8.27
"KIT8288","Mahogany Strainer",7.84
"TOY8292","Noah's Hebrew Blocks",4.58
"COL8297","Noah's Action Figure (azure)",32.53
"TOY8304","Automatic Yoyo",5.94
"COL8308","Noah's Bobblehead (green)",9.72
"KIT8319","Ruby Knife",32.04
"KIT8328","Pewter Bowl",10.51
"DLI8332","Smoked Beet Sandwich",9.14
"HOM8343","Electric Toaster (white)",24.16
"CMP8355","Wireless Router",78.79
"TOY8356","Power Doll",10.23
"KIT8362","Mini Cashew Cup",4.89
"DLI8372","Smoked Egg Salad",8.94
"COL8384","Noah's Lunchbox (purple)",18.46
"PET8400","Gluten-free Cat Food, Tuna & Salmon",4.85
"COL8406","Noah's Action Figure (puce)",27.98
"TOY8426","Marvel Airplane",19.56
"DLI8430","Salted Cabbage Salad",7.10
"PET8439","Vegan Cat Food, Beef & Chicken",3.38
"KIT8440","Electric Barbecue Strainer",8.40
"COL8453","Noah's Jewelry (blue)",51.90
"COL8456","Noah's Bobblehead (red)",8.48
"HOM8473","Automatic Bicycle (red)",79.34
"HOM8486","Mini Machine (blue)",29.27
"PET8492","Dry Cat Food, Turkey & Salmon",3.27
"PET8494","Dry Cat Food, Duck & Chicken",2.86
"PET8497","Dry Senior Cat Food, Duck & Turkey",2.95
"DLI8504","Kasha Latke",9.61
"COL8506","Noah's Bobblehead (purple)",9.04
"KIT8529","Emerald Knife",23.33
"PET8530","Rat",0.49
"PET8539","Dry Cat Food, Salmon & Salmon",3.05
"TOY8553","Lego Stickers",1.08
"HOM8569","Power Bicycle (green)",87.43
"CMP8573","Womens Webcam",30.17
"PET8577","Dry Adult Cat Food, Turkey & Shrimp",3.09
"KIT8586","Porcelain Scale",14.94
"KIT8598","Leather Knife",27.76
"HOM8601","Rug Cleaner",3.51
"KIT8620","Iron Tongs",6.59
"TOY8631","Automatic Dreidel",3.20
"KIT8639","Toy Salad Strainer",4.63
"HOM8639","Toy Toaster",24.18
"PET8644","Hamster Food",1.54
"KIT8645","White Ladle",2.43
"KIT8648","Sapphire Knife",30.09
"KIT8650","Mahogany Fork",2.70
"KIT8660","Puce Scoop",2.19
"KIT8663","Magenta Bowl",9.90
"HOM8666","Mechanical Mixer",186.78
"PET8671","Dry Adult Cat Food, Duck & Beef",2.82
"BKY8673","Raspberry Linzer Cookie",4.97
"KIT8686","Gold Knife",9504.25
"KIT8694","Sapphire Fork",2.93
"DLI8715","Kasha Seitan Meatball",9.80
"KIT8728","Mahogany Knife",29.29
"KIT8730","Mechanical Pie Crusher",8.32
"PET8744","Gluten-free Cat Food, Chicken & Shrimp",5.16
"HOM8755","Ultra Mixer",187.78
"COL8758","Noah's Poster (mauve)",6.79
"PET8788","Dry Cat Food, Shrimp & Turkey",2.96
"DLI8790","Lentil Sandwich",9.09
"HOM8793","Automatic Machine (red)",38.55
"TOY8796","Disney Toy Soldier",23.42
"KIT8811","Manual Onion Cup",5.64
"KIT8816","Bowl",9.58
"PET8821","Guinea Pig Food",1.40
"PET8828","Wet Adult Cat Food, Chicken & Salmon",3.29
"KIT8829","Emerald Fork",3.09
"HOM8833","Manual Toaster (yellow)",18.95
"KIT8835","Ruby Scale",15.74
"HOM8838","Power Timer",11.88
"KIT8844","Iron Knife",27.31
"TOY8847","Star Wars Yoyo",9.69
"DLI8856","Pickled Cabbage Salad",6.54
"HOM8864","Mechanical Crockpot (purple)",63.93
"HOM8870","Mega Mixer (orange)",92.25
"TOY8886","Handmade Fidget Toy",2.02
"TOY8907","Automatic Train",11.39
"HOM8910","Power Machine (amber)",27.16
"KIT8931","Blue Pan",9.89
"PET8937","Dry Adult Cat Food, Shrimp & Chicken",3.11
"COL8942","Noah's Gift Box (magenta)",5.37
"CMP8957","Bluetooth Monitor",112.84
"KIT8959","Iron Strainer",6.12
"TOY8960","Lego Board Game",14.47
"HOM8969","Power Radio",45.15
"HOM8981","Mini Machine",58.97
"DLI8986","Dilled Cucumber Sandwich",9.33
"KIT8989","Mauve Fork",3.04
"PET9001","Wet Adult Cat Food, Turkey & Chicken",2.80
"KIT9001","Super Steak Ladle",2.94
"HOM9008","Manual Blender (magenta)",48.26
"DLI9012","Salted Salmon Sandwich",9.51
"HOM9025","Mechanical Bicycle (amber)",66.07
"CMP9027","Wireless Laptop",680.22
"HOM9038","Power Radio (magenta)",20.32
"COL9044","Noah's Action Figure (blue)",28.19
"TOY9057","Star Wars Train",21.27
"TOY9060","Electric Crayons",3.18
"KIT9066","Manual Spice Strainer",7.75
"KIT9073","Mauve Knife",27.94
"HOM9075","Automatic Machine",58.32
"PET9075","Wet Adult Cat Food, Shrimp & Duck",3.05
"PET9086","Adult Fish Food",2.20
"KIT9089","Manual Tuna Spatula",4.14
"HOM9091","Vintage Widget (white)",7.42
"HOM9092","Manual Radio",44.38
"KIT9107","Ivory Cup",13.40
"KIT9108","Power Spice Bowl",9.32
"DLI9116","Salted Cucumber Sandwich",7.83
"PET9116","Dry Cat Food, Salmon & Turkey",3.35
"CMP9123","Network Laptop",599.54
"PET9128","Dog",0.84
"TOY9149","Tonka Yoyo",5.08
"PET9164","Hedgehog Food",2.59
"DLI9170","Salted Egg Sandwich",8.81
"PET9174","Wet Cat Food, Tuna & Shrimp",3.03
"PET9176","Adult Rabbit Food",6.72
"PET9186","Wet Cat Food, Beef & Shrimp",3.38
"HOM9216","Automatic Timer (magenta)",6.27
"HOM9234","Automatic Mixer (blue)",104.63
"HOM9247","Vintage Radio",55.34
"PET9249","Ferret Food",1.40
"KIT9250","Green Fork",3.05
"PET9251","Hedgehog",0.87
"BKY9255","Poppyseed Sufganiah",4.47
"PET9265","Wet Adult Cat Food, Salmon & Duck",3.09
"KIT9267","Ivory Spatula",11.68
"KIT9273","Amber Pan",9.13
"PET9293","Wet Cat Food, Salmon & Turkey",2.92
"TOY9308","Disney Dreidel",10.22
"COL9312","Noah's Lunchbox (azure)",20.37
"PET9331","Dry Adult Cat Food, Shrimp & Tuna",3.14
"PET9335","Gluten-free Adult Cat Food, Chicken & Turkey",3.71
"PET9340","Gluten-free Adult Cat Food, Turkey & Duck",4.21
"PET9342","Vegan Cat Food, Tuna & Chicken",3.99
"KIT9347","Handmade Mushroom Pan",18.17
"DLI9348","Salted Herring Sandwich",9.33
"KIT9350","Toy Pie Cup",3.29
"PET9356","Dry Adult Cat Food, Pumpkin & Pumpkin",2.68
"BKY9364","Raspberry Sufganiah",4.03
"PET9364","Gluten-free Adult Cat Food, Duck & Turkey",4.34
"KIT9381","Stone Pan",9.44
"KIT9392","Power Cereal Knife",27.98
"HOM9393","Automatic Blender (purple)",51.18
"KIT9398","Diamond Bowl",9.41
"HOM9423","Electric Widget (purple)",5.83
"KIT9426","Ivory Crusher",22.41
"HOM9426","Manual Mixer",208.26
"KIT9429","Mega Eggplant Pan",12.59
"COL9448","Noah's Poster (blue)",7.60
"HOM9452","Mega Toaster",36.48
"KIT9453","Puce Tongs",6.97
"DLI9454","Dilled Cabbage Salad",7.01
"PET9456","Adult Bird Food",2.11
"PET9460","Vegan Adult Cat Food, Turkey & Salmon",4.93
"COL9469","Noah's Jewelry (puce)",64.02
"PET9472","Vegan Cat Food, Chicken & Beef",4.62
"TOY9501","Transformers Stickers",1.38
"TOY9537","Manual Stickers",1.01
"PET9544","Dry Cat Food, Duck & Pumpkin",2.82
"TOY9553","Lego Yoyo",5.78
"KIT9564","Paper Scoop",0.44
"TOY9571","Noah's Stickers",1.13
"PET9590","Wet Adult Cat Food, Pumpkin & Pumpkin",3.45
"PET9591","Gluten-free Cat Food, Duck & Shrimp",5.02
"PET9595","Dry Senior Cat Food, Pumpkin & Duck",3.17
"TOY9650","Power Fidget Toy",1.15
"PET9664","Gluten-free Cat Food, Turkey & Chicken",4.14
"HOM9679","Power Timer (orange)",5.77
"COL9688","Noah's Bobblehead (azure)",11.42
"COL9689","Noah's Jewelry (azure)",62.01
"CMP9696","Cellular Camera",91.10
"KIT9702","Amber Tongs",7.40
"PET9703","Dry Cat Food, Tuna & Shrimp",3.15
"KIT9711","Steel Cup",5.38
"KIT9730","Orange Crusher",6.60
"HOM9732","Vintage Widget",14.79
"KIT9733","Steel Knife",25.96
"HOM9734","Super Machine (puce)",29.88
"PET9739","Senior Fish Food",2.02
"KIT9748","Steel Spatula",4.47
"KIT9749","Pewter Strainer",8.44
"KIT9761","Mechanical Steak Fork",3.34
"HOM9772","Automatic Blender (mauve)",46.52
"DLI9781","Salted Herring Salad",7.16
"KIT9808","Stone Cup",4.14
"KIT9810","Orange Ladle",2.70
"TOY9830","Noah's Yoyo",5.63
"COL9842","Noah's Gift Box (orange)",5.66
"HOM9868","Mini Radio (white)",18.24
"PET9872","Vegan Cat Food, Turkey & Pumpkin",4.73
"KIT9882","Purple Knife",29.99
"HOM9889","Mini Widget",11.36
"PET9908","Vegan Adult Cat Food, Tuna & Shrimp",3.67
"PET9910","Dry Cat Food, Salmon & Chicken",2.97
"CMP9911","Network Webcam",24.58
"KIT9938","Mauve Tongs",6.47
"TOY9939","Transformers Board Game",17.54
"PET9974","Vegan Senior Cat Food, Salmon & Pumpkin",5.00
"PET9988","Gluten-free Senior Cat Food, Chicken & Beef",4.32
"HOM9988","Mini Crockpot (purple)",59.93
"KIT9991","Paper Spatula",0.81
